<?xml version="1.0" encoding="utf-8" standalone="yes"?>
<rss version="2.0" xmlns:atom="http://www.w3.org/2005/Atom">
  <channel>
    <title>Releases on BulmaTooltip</title>
    <link>https://demo.creativebulma.net/components/tooltip/1.1/release/</link>
    <description>Recent content in Releases on BulmaTooltip</description>
    <generator>Hugo -- gohugo.io</generator>
    <language>en-us</language>
    <lastBuildDate>Sun, 10 May 2020 11:46:47 +0200</lastBuildDate>
    
	<atom:link href="https://demo.creativebulma.net/components/tooltip/1.1/release/index.xml" rel="self" type="application/rss+xml" />
    
    
    <item>
      <title>(2020-03-21)</title>
      <link>https://demo.creativebulma.net/components/tooltip/1.1/release/1/</link>
      <pubDate>Sat, 21 Mar 2020 10:46:47 +0200</pubDate>
      
      <guid>https://demo.creativebulma.net/components/tooltip/1.1/release/1/</guid>
      <description>First working version
  added Styles : with or without arrow  added Multi-colors  added Position modifiers  </description>
    </item>
    
    <item>
      <title>(2020-05-10)</title>
      <link>https://demo.creativebulma.net/components/tooltip/1.1/release/1.1.0/</link>
      <pubDate>Sun, 10 May 2020 11:46:47 +0200</pubDate>
      
      <guid>https://demo.creativebulma.net/components/tooltip/1.1/release/1.1.0/</guid>
      <description>New helpers and fixes
  fixed Issues with combination of arrow and directions options  added helpers - New helper to hide tooltip on specific breakpoints  docs Add missing responsiveness documentation  </description>
    </item>
    
    <item>
      <title>(2020-03-29)</title>
      <link>https://demo.creativebulma.net/components/tooltip/1.1/release/1.0.2/</link>
      <pubDate>Sun, 29 Mar 2020 10:46:47 +0200</pubDate>
      
      <guid>https://demo.creativebulma.net/components/tooltip/1.1/release/1.0.2/</guid>
      <description>Minor Fixes
  fixed Tooltip remains visible after clicking a button  fixed docs - Test on LAN : Docs site is now availabel on LAN when using npm run doc:serve  fixed docs - Changelog display issue  </description>
    </item>
    
    <item>
      <title>(2020-03-29)</title>
      <link>https://demo.creativebulma.net/components/tooltip/1.1/release/1.0.1/</link>
      <pubDate>Sat, 21 Mar 2020 10:46:47 +0200</pubDate>
      
      <guid>https://demo.creativebulma.net/components/tooltip/1.1/release/1.0.1/</guid>
      <description>Minor Fixes
  fixed docs - Issue with generated site  </description>
    </item>
    
  </channel>
</rss>