<?xml version="1.0" encoding="utf-8" standalone="yes"?>
<rss version="2.0" xmlns:atom="http://www.w3.org/2005/Atom">
  <channel>
    <title>Tags on BulmaTooltip</title>
    <link>https://demo.creativebulma.net/components/tooltip/1.1/tags/</link>
    <description>Recent content in Tags on BulmaTooltip</description>
    <generator>Hugo -- gohugo.io</generator>
    <language>en-us</language>
    
	<atom:link href="https://demo.creativebulma.net/components/tooltip/1.1/tags/index.xml" rel="self" type="application/rss+xml" />
    
    
  </channel>
</rss>